School,City,State,Grads,Company
TrueCoders,Hoover,AL,2,Carrigans Public House
TrueCoders,Hoover,AL,2,Crossvale
TrueCoders,Hoover,AL,2,Daxko
TrueCoders,Hoover,AL,1,Disability:IN
TrueCoders,Hoover,AL,3,FIS
TrueCoders,Hoover,AL,1,Giant Eagle Inc.
TrueCoders,Hoover,AL,3,Healthgrades
TrueCoders,Hoover,AL,2,L&C Designs
TrueCoders,Hoover,AL,2,Marshmello & Friends Co.
TrueCoders,Hoover,AL,1,NextSite LLC
TrueCoders,Hoover,AL,2,RxBenefits Inc.
TrueCoders,Hoover,AL,1,ShadowDragon
TrueCoders,Hoover,AL,2,Target
TrueCoders,Hoover,AL,2,VIPKid
University of Arizona Boot Camps,Gilbert,AZ,1,AmpleTech Refresh
University of Arizona Boot Camps,Gilbert,AZ,1,Empereon Constar
University of Arizona Boot Camps,Gilbert,AZ,1,"ORIANA solutions, LLC"
University of Arizona Boot Camps,Gilbert,AZ,1,Plexus Worldwide
University of Arizona Boot Camps,Gilbert,AZ,1,Waddell & Reed
Woz U,Scottsdale,AZ,2,Accenture
Woz U,Scottsdale,AZ,6,Amazon
Woz U,Scottsdale,AZ,3,Apple
Woz U,Scottsdale,AZ,3,DoorDash
Woz U,Scottsdale,AZ,2,Facebook
Woz U,Scottsdale,AZ,6,Infosys
Woz U,Scottsdale,AZ,2,Intel Corporation
Woz U,Scottsdale,AZ,2,Revature
Woz U,Scottsdale,AZ,3,Southern Careers Institute
Woz U,Scottsdale,AZ,3,Uber
Woz U,Scottsdale,AZ,3,United States Postal Service
Woz U,Scottsdale,AZ,4,US Army
Woz U,Scottsdale,AZ,3,Verizon
Bloc,San Francisco,CA,2,Airbnb
Bloc,San Francisco,CA,15,Apple
Bloc,San Francisco,CA,3,Capital One
Bloc,San Francisco,CA,3,CareerFoundry
Bloc,San Francisco,CA,13,Google
Bloc,San Francisco,CA,3,HubSpot
Bloc,San Francisco,CA,14,Microsoft
Bloc,San Francisco,CA,2,ServiceNow
Bloc,San Francisco,CA,3,Starbucks
Bloc,San Francisco,CA,10,Thinkful
CodingNomads,San Francisco,CA,1,Abarca Health
CodingNomads,San Francisco,CA,1,Answer Digital
CodingNomads,San Francisco,CA,1,Apogee Integration LLC
CodingNomads,San Francisco,CA,1,BCG Platinion
CodingNomads,San Francisco,CA,1,Bit
CodingNomads,San Francisco,CA,1,Citrix
CodingNomads,San Francisco,CA,1,Experian
CodingNomads,San Francisco,CA,1,Floyd County Productions
CodingNomads,San Francisco,CA,1,Nucamp Coding Bootcamp
CodingNomads,San Francisco,CA,1,Philips
CodingNomads,San Francisco,CA,1,VIKTOR
CodingNomads,San Francisco,CA,1,Webhelp
Dev Bootcamp,San Francisco,CA,4,Airbnb
Dev Bootcamp,San Francisco,CA,14,Amazon
Dev Bootcamp,San Francisco,CA,7,Chime
Dev Bootcamp,San Francisco,CA,15,Datadog
Dev Bootcamp,San Francisco,CA,6,Enova International
Dev Bootcamp,San Francisco,CA,17,Google
Dev Bootcamp,San Francisco,CA,10,Home Chef
Dev Bootcamp,San Francisco,CA,5,Indeed.com
Dev Bootcamp,San Francisco,CA,13,Salesforce
Dev Bootcamp,San Francisco,CA,4,ServiceNow
Dev Bootcamp,San Francisco,CA,7,Stitch Fix
Dev Bootcamp,San Francisco,CA,8,ThoughtWorks
Hack Reactor,San Francisco,CA,45,Amazon
Hack Reactor,San Francisco,CA,26,Apple
Hack Reactor,San Francisco,CA,16,Capital One
Hack Reactor,San Francisco,CA,74,Facebook
Hack Reactor,San Francisco,CA,92,Google
Hack Reactor,San Francisco,CA,44,IBM
Hack Reactor,San Francisco,CA,23,JPMorgan Chase & Co.
Hack Reactor,San Francisco,CA,25,LinkedIn
Hack Reactor,San Francisco,CA,21,Microsoft
Hack Reactor,San Francisco,CA,34,Personal Projects
Hack Reactor,San Francisco,CA,20,Uber
Hackbright Academy,San Francisco,CA,10,Apple
Hackbright Academy,San Francisco,CA,6,Bloomberg LP
Hackbright Academy,San Francisco,CA,11,Datadog
Hackbright Academy,San Francisco,CA,5,Dropbox
Hackbright Academy,San Francisco,CA,17,Facebook
Hackbright Academy,San Francisco,CA,5,Fastly
Hackbright Academy,San Francisco,CA,25,Google
Hackbright Academy,San Francisco,CA,5,LinkedIn
Hackbright Academy,San Francisco,CA,6,Lyft
Hackbright Academy,San Francisco,CA,8,PagerDuty
Hackbright Academy,San Francisco,CA,6,Salesforce
Hackbright Academy,San Francisco,CA,9,Slack
Hackbright Academy,San Francisco,CA,27,Target
Hackbright Academy,San Francisco,CA,26,Twilio Inc.
Holberton School,San Francisco,CA,8,Altimetrik
Holberton School,San Francisco,CA,5,Apple
Holberton School,San Francisco,CA,5,Avantica
Holberton School,San Francisco,CA,10,COMFAMA
Holberton School,San Francisco,CA,16,Globant
Holberton School,San Francisco,CA,12,Koombea
Holberton School,San Francisco,CA,4,Mercado Libre
Holberton School,San Francisco,CA,8,Rappi
Holberton School,San Francisco,CA,9,Seguros Bolivar S.A
Holberton School,San Francisco,CA,4,Siigo S.A.
Holberton School,San Francisco,CA,5,Taos
LearningFuze,Irvine,CA,3,Applied Medical
LearningFuze,Irvine,CA,5,BeSmartee®
LearningFuze,Irvine,CA,3,Blizzard Entertainment
LearningFuze,Irvine,CA,3,Capital Group
LearningFuze,Irvine,CA,7,Codazen
LearningFuze,Irvine,CA,7,Doctor Genius
LearningFuze,Irvine,CA,5,Member Splash
LearningFuze,Irvine,CA,3,Novvum
LearningFuze,Irvine,CA,3,Parcel Pending by Quadient
LearningFuze,Irvine,CA,3,PriceSpider
LearningFuze,Irvine,CA,3,VaynerCommerce
LearningFuze,Irvine,CA,7,Verys
LearningFuze,Irvine,CA,4,VoiceFoundry
Microverse,San Francisco,CA,2,Avance Venture Lab
Microverse,San Francisco,CA,4,CareerFoundry
Microverse,San Francisco,CA,2,MagmaLabs
Microverse,San Francisco,CA,3,NouKòd
Microverse,San Francisco,CA,3,Peoplebox
Microverse,San Francisco,CA,3,Torre
Microverse,San Francisco,CA,14,Upwork
Orange County Code School,Newport Beach,CA,2,Apple
Orange County Code School,Newport Beach,CA,1,AT&T
Orange County Code School,Newport Beach,CA,1,Bank of the West
Orange County Code School,Newport Beach,CA,1,Classic Cabinets and Upholstery
Orange County Code School,Newport Beach,CA,1,Critical Mass
Orange County Code School,Newport Beach,CA,1,HCA North Florida Division
Orange County Code School,Newport Beach,CA,2,Intuit
Orange County Code School,Newport Beach,CA,1,JohnHart Real Estate
Orange County Code School,Newport Beach,CA,1,Kaiser Permanente
Orange County Code School,Newport Beach,CA,1,Kareo
Orange County Code School,Newport Beach,CA,2,Kingsmen Digital Ventures
Orange County Code School,Newport Beach,CA,1,Transurban
Orange County Code School,Newport Beach,CA,1,University of California Irvine Division of Continuing Education
Orange County Code School,Newport Beach,CA,3,Verys
Orange County Code School,Newport Beach,CA,3,Vincit
Redwood Code Academy,Santa Ana,CA,1,Action Property Management
Redwood Code Academy,Santa Ana,CA,1,AUSAM
Redwood Code Academy,Santa Ana,CA,1,Empower
Redwood Code Academy,Santa Ana,CA,2,LandMonk
Redwood Code Academy,Santa Ana,CA,1,Lifehouse Agency
Redwood Code Academy,Santa Ana,CA,1,Mortgage Machine Services
Redwood Code Academy,Santa Ana,CA,2,RedApple Digital Health Inc.
Redwood Code Academy,Santa Ana,CA,1,Revature
Redwood Code Academy,Santa Ana,CA,1,Sonoma State University
Redwood Code Academy,Santa Ana,CA,1,Tabula Rasa HealthCare
Redwood Code Academy,Santa Ana,CA,2,TensorIoT Inc.
Redwood Code Academy,Santa Ana,CA,1,Trilogy Education
Redwood Code Academy,Santa Ana,CA,1,UFC
Redwood Code Academy,Santa Ana,CA,2,Zigzy
Rithm School,San Francisco,CA,1,Accenture
Rithm School,San Francisco,CA,2,Birst
Rithm School,San Francisco,CA,2,CleverCounsel LLC
Rithm School,San Francisco,CA,2,doc.ai
Rithm School,San Francisco,CA,6,Dovenmuehle Mortgage Inc.
Rithm School,San Francisco,CA,2,Dropbox
Rithm School,San Francisco,CA,1,Oracle
Rithm School,San Francisco,CA,2,Pinterest
Rithm School,San Francisco,CA,1,PlanetScale
Rithm School,San Francisco,CA,2,Solvd Inc.
Rithm School,San Francisco,CA,2,Twilio Inc.
Rithm School,San Francisco,CA,6,WePay
Rithm School,San Francisco,CA,2,Workday
Rithm School,San Francisco,CA,2,YearOne (Techstars 2020)
Springboard,San Francisco,CA,11,Accenture
Springboard,San Francisco,CA,31,Amazon
Springboard,San Francisco,CA,20,Apple
Springboard,San Francisco,CA,4,Bed Bath & Beyond
Springboard,San Francisco,CA,8,Citi
Springboard,San Francisco,CA,10,Deloitte
Springboard,San Francisco,CA,20,Facebook
Springboard,San Francisco,CA,13,Google
Springboard,San Francisco,CA,6,Hack for LA
Springboard,San Francisco,CA,8,IBM
Springboard,San Francisco,CA,12,JPMorgan Chase & Co.
Springboard,San Francisco,CA,12,Wells Fargo
Udacity,Mountain View,CA,208,Accenture
Udacity,Mountain View,CA,368,Amazon
Udacity,Mountain View,CA,146,Aramco
Udacity,Mountain View,CA,206,Facebook
Udacity,Mountain View,CA,150,Fiverr
Udacity,Mountain View,CA,372,Google
Udacity,Mountain View,CA,221,IBM
Udacity,Mountain View,CA,174,Infosys
Udacity,Mountain View,CA,306,Microsoft
Udacity,Mountain View,CA,141,stc
Udacity,Mountain View,CA,157,Tata Consultancy Services
Udacity,Mountain View,CA,364,Upwork
CodeCraft School of Technology,Boulder,CO,1,AMP Robotics
CodeCraft School of Technology,Boulder,CO,1,Buink Web Development
CodeCraft School of Technology,Boulder,CO,3,Charter Communications
CodeCraft School of Technology,Boulder,CO,1,CUORE of Switzerland
CodeCraft School of Technology,Boulder,CO,1,EduGuide
CodeCraft School of Technology,Boulder,CO,1,Engrain
CodeCraft School of Technology,Boulder,CO,2,LogRhythm
CodeCraft School of Technology,Boulder,CO,1,Oracle
CodeCraft School of Technology,Boulder,CO,1,Simplified Website Design
CodeCraft School of Technology,Boulder,CO,1,Springboard
CodeCraft School of Technology,Boulder,CO,1,Town of Nederland
CodeCraft School of Technology,Boulder,CO,2,Trimble Inc.
CodeCraft School of Technology,Boulder,CO,2,Zayo Group
DaVinci Coders,Westminster,CO,1,ClearanceJobs
DaVinci Coders,Westminster,CO,1,Corellian Consulting Limited
DaVinci Coders,Westminster,CO,1,EVO Payments Inc.
DaVinci Coders,Westminster,CO,1,IBM
DaVinci Coders,Westminster,CO,1,Institutional Cash Distributors (ICD)
DaVinci Coders,Westminster,CO,1,JPMA Inc
DaVinci Coders,Westminster,CO,1,Kaffeinated Kodemonkey
DaVinci Coders,Westminster,CO,1,Literally Media
DaVinci Coders,Westminster,CO,1,Neap
DaVinci Coders,Westminster,CO,1,Nite Ize Inc.
DaVinci Coders,Westminster,CO,1,Oracle
DaVinci Coders,Westminster,CO,2,RxRevu Inc.
DaVinci Coders,Westminster,CO,1,Touch Control
DaVinci Coders,Westminster,CO,1,Triad
SecureSet,Denver,CO,5,Avertium
SecureSet,Denver,CO,6,Booz Allen Hamilton
SecureSet,Denver,CO,9,Coalfire
SecureSet,Denver,CO,5,Colorado Governor's Office of Information Technology
SecureSet,Denver,CO,8,CyberGRX
SecureSet,Denver,CO,8,deepwatch
SecureSet,Denver,CO,4,Deloitte
SecureSet,Denver,CO,12,Jacobs
SecureSet,Denver,CO,8,Kivu Consulting
SecureSet,Denver,CO,8,Pax8
SecureSet,Denver,CO,6,ReliaQuest
SecureSet,Denver,CO,32,US Army
SecureSet,Denver,CO,5,VMware
Skill Distillery,Greenwood Village,CO,2,Angi
Skill Distillery,Greenwood Village,CO,2,Bank of America
Skill Distillery,Greenwood Village,CO,3,BIT Systems
Skill Distillery,Greenwood Village,CO,2,Booz Allen Hamilton
Skill Distillery,Greenwood Village,CO,4,CACI International Inc
Skill Distillery,Greenwood Village,CO,3,Charter Communications
Skill Distillery,Greenwood Village,CO,6,Comcast
Skill Distillery,Greenwood Village,CO,3,Essendant
Skill Distillery,Greenwood Village,CO,3,HomeAdvisor
Skill Distillery,Greenwood Village,CO,3,Ibotta Inc.
Skill Distillery,Greenwood Village,CO,6,NexGen Technologies Inc.
Skill Distillery,Greenwood Village,CO,3,Raytheon Intelligence & Space
Skill Distillery,Greenwood Village,CO,2,Tech Mahindra
Skill Distillery,Greenwood Village,CO,2,The Walt Disney Company
Turing School of Software & Design,Denver,CO,21,Aetna
Turing School of Software & Design,Denver,CO,17,Allstate
Turing School of Software & Design,Denver,CO,6,Brandfolder
Turing School of Software & Design,Denver,CO,17,Charter Communications
Turing School of Software & Design,Denver,CO,7,Devetry (part of Dept)
Turing School of Software & Design,Denver,CO,8,Fastly
Turing School of Software & Design,Denver,CO,14,Guild Education
Turing School of Software & Design,Denver,CO,7,Handshake
Turing School of Software & Design,Denver,CO,9,Hotel Engine
Turing School of Software & Design,Denver,CO,16,Ibotta Inc.
Turing School of Software & Design,Denver,CO,6,Peloton Interactive
Turing School of Software & Design,Denver,CO,19,Slalom
Turing School of Software & Design,Denver,CO,10,Stitch Fix
Turing School of Software & Design,Denver,CO,7,TaxJar
University of Denver Boot Camps,Denver,CO,1,acumen
University of Denver Boot Camps,Denver,CO,1,Chevron
University of Denver Boot Camps,Denver,CO,1,En Gedi
University of Denver Boot Camps,Denver,CO,1,Hunger Free Colorado
University of Denver Boot Camps,Denver,CO,1,Kärcher North America Inc.
University of Denver Boot Camps,Denver,CO,1,Rally Health
University of Denver Boot Camps,Denver,CO,1,Scaled Agile Inc.
University of Denver Boot Camps,Denver,CO,1,Sealcon
University of Denver Boot Camps,Denver,CO,1,SonderMind
University of Denver Boot Camps,Denver,CO,2,uBreakiFix
4Geeks Academy,Miami,FL,2,Boosmap
4Geeks Academy,Miami,FL,2,Bridge Patient Portal
4Geeks Academy,Miami,FL,2,Bridges Unite
4Geeks Academy,Miami,FL,2,Cornershop by Uber
4Geeks Academy,Miami,FL,3,DNA HUMAN CAPITAL
4Geeks Academy,Miami,FL,2,Nivelat
4Geeks Academy,Miami,FL,2,Patagonia IT
4Geeks Academy,Miami,FL,2,The Dog Company Chile
4Geeks Academy,Miami,FL,3,Uber
4Geeks Academy,Miami,FL,3,University of Miami
Wyncode Academy,Miami,FL,6,Apple
Wyncode Academy,Miami,FL,4,Augusta Hitech
Wyncode Academy,Miami,FL,9,BrainStation
Wyncode Academy,Miami,FL,9,CareCloud
Wyncode Academy,Miami,FL,6,Health Karma
Wyncode Academy,Miami,FL,5,IntelePeer
Wyncode Academy,Miami,FL,6,Kipu Health
Wyncode Academy,Miami,FL,5,MDLIVE Inc.
Wyncode Academy,Miami,FL,5,Miami Dev Shop
Wyncode Academy,Miami,FL,5,Microsoft
Wyncode Academy,Miami,FL,5,Papa
Wyncode Academy,Miami,FL,13,Restaurant Brands International
Wyncode Academy,Miami,FL,5,springbig
Wyncode Academy,Miami,FL,5,Watsco Ventures
DigitalCrafts,Atlanta,GA,4,Accenture
DigitalCrafts,Atlanta,GA,5,Chick-fil-A Corporate Support Center
DigitalCrafts,Atlanta,GA,4,Codoxo
DigitalCrafts,Atlanta,GA,4,Cox Automotive Inc.
DigitalCrafts,Atlanta,GA,8,Insiten
DigitalCrafts,Atlanta,GA,5,JPMorgan Chase & Co.
DigitalCrafts,Atlanta,GA,4,Luminare Inc.
DigitalCrafts,Atlanta,GA,5,Mailchimp
DigitalCrafts,Atlanta,GA,3,Microsoft
DigitalCrafts,Atlanta,GA,12,The Home Depot
DigitalCrafts,Atlanta,GA,6,Umbrage
DigitalCrafts,Atlanta,GA,5,Varsity Hype
DigitalCrafts,Atlanta,GA,6,Ware2Go
DigitalCrafts,Atlanta,GA,4,WarnerMedia
Georgia Tech Boot Camps,Atlanta,GA,1,XPO Logistics Inc.
CodeWorks,Boise,ID,1,Accenture
CodeWorks,Boise,ID,1,Adobe
CodeWorks,Boise,ID,2,Allata
CodeWorks,Boise,ID,1,BGZ brands™
CodeWorks,Boise,ID,3,Cask
CodeWorks,Boise,ID,2,Definitive Logic
CodeWorks,Boise,ID,8,In Time Tec
CodeWorks,Boise,ID,1,Microbe Formulas
CodeWorks,Boise,ID,1,P2 Energy Solutions
CodeWorks,Boise,ID,1,TrueBlue Inc.
CodeWorks,Boise,ID,2,Western Power Sports (WPS)
CodeWorks,Boise,ID,2,Zennify
Actualize Coding Bootcamp,Chicago,IL,2,Accenture
Actualize Coding Bootcamp,Chicago,IL,3,ActiveCampaign
Actualize Coding Bootcamp,Chicago,IL,3,AHEAD
Actualize Coding Bootcamp,Chicago,IL,2,AT&T
Actualize Coding Bootcamp,Chicago,IL,2,Boomerang Exhibits
Actualize Coding Bootcamp,Chicago,IL,2,Costco Wholesale
Actualize Coding Bootcamp,Chicago,IL,3,CVS Health
Actualize Coding Bootcamp,Chicago,IL,2,Datadog
Actualize Coding Bootcamp,Chicago,IL,2,Healthie Inc.
Actualize Coding Bootcamp,Chicago,IL,3,Oracle
Actualize Coding Bootcamp,Chicago,IL,4,PayPal
Actualize Coding Bootcamp,Chicago,IL,7,The Difference Engine
Code Platoon,Chicago,IL,2,8th Light
Code Platoon,Chicago,IL,4,Army National Guard
Code Platoon,Chicago,IL,4,Army National Guard
Code Platoon,Chicago,IL,1,Cartão de Todos
Code Platoon,Chicago,IL,3,Chicago Trading Company
Code Platoon,Chicago,IL,1,Codementor
Code Platoon,Chicago,IL,7,DRW
Code Platoon,Chicago,IL,2,Enova International
Code Platoon,Chicago,IL,2,Grainger
Code Platoon,Chicago,IL,7,JPMorgan Chase & Co.
Code Platoon,Chicago,IL,2,Motorola Solutions
Code Platoon,Chicago,IL,2,Raise
Code Platoon,Chicago,IL,6,United States Air Force
Code Platoon,Chicago,IL,6,US Army
Code Platoon,Chicago,IL,4,US Navy
Coding Temple,Chicago,IL,1,Accenture
Coding Temple,Chicago,IL,1,Amazon
Coding Temple,Chicago,IL,1,Beyond Finance
Coding Temple,Chicago,IL,1,Birchwood Foods
Coding Temple,Chicago,IL,1,Booz Allen Hamilton
Coding Temple,Chicago,IL,1,Capgemini
Coding Temple,Chicago,IL,1,City Colleges of Chicago-Olive-Harvey College
Coding Temple,Chicago,IL,1,Convoy Inc
Coding Temple,Chicago,IL,1,Copado
Coding Temple,Chicago,IL,1,Datadog
Coding Temple,Chicago,IL,1,Numerated
Coding Temple,Chicago,IL,1,SORACOM Inc.
Coding Temple,Chicago,IL,1,U.S. Navy Reserve
Coding Temple,Chicago,IL,2,Upwork
Eleven Fifty Academy,Indianapolis,IN,4,Agilify Automation
Eleven Fifty Academy,Indianapolis,IN,3,Community Health Network
Eleven Fifty Academy,Indianapolis,IN,4,DMI (Digital Management LLC)
Eleven Fifty Academy,Indianapolis,IN,4,DoorDash
Eleven Fifty Academy,Indianapolis,IN,8,GEICO
Eleven Fifty Academy,Indianapolis,IN,12,Infosys
Eleven Fifty Academy,Indianapolis,IN,4,Ion Three
Eleven Fifty Academy,Indianapolis,IN,4,Liberty Mutual Insurance
Eleven Fifty Academy,Indianapolis,IN,4,Navient
Eleven Fifty Academy,Indianapolis,IN,6,Offprem Technology
Eleven Fifty Academy,Indianapolis,IN,7,R&M Software Inc.
Eleven Fifty Academy,Indianapolis,IN,7,Salesforce
Eleven Fifty Academy,Indianapolis,IN,6,TCC Software Solutions
Eleven Fifty Academy,Indianapolis,IN,4,US Army
Kenzie Academy,Indianapolis,IN,136,Amazon
Kenzie Academy,Indianapolis,IN,16,Amazon Fulfillment Centre
Kenzie Academy,Indianapolis,IN,4,Amazon Logistics
Kenzie Academy,Indianapolis,IN,2,AT&T
Kenzie Academy,Indianapolis,IN,2,Career Karma
Kenzie Academy,Indianapolis,IN,3,DMI (Digital Management LLC)
Kenzie Academy,Indianapolis,IN,2,FedEx Ground
Kenzie Academy,Indianapolis,IN,2,Infosys
Kenzie Academy,Indianapolis,IN,4,Infosys Ltd
Kenzie Academy,Indianapolis,IN,2,JPMorgan Chase & Co.
Kenzie Academy,Indianapolis,IN,2,KellyConnect | Contact Center Solutions
Kenzie Academy,Indianapolis,IN,8,Southern New Hampshire University
Kenzie Academy,Indianapolis,IN,2,SuperWorld
Kenzie Academy,Indianapolis,IN,2,Zylo
Awesome Inc,Lexington,KY,4,APAX Software
Awesome Inc,Lexington,KY,2,Bitwerx Inc.
Awesome Inc,Lexington,KY,2,BlueFrame Technology
Awesome Inc,Lexington,KY,1,CSI
Awesome Inc,Lexington,KY,1,Infosys
Awesome Inc,Lexington,KY,1,Kentucky Department of Revenue
Awesome Inc,Lexington,KY,2,Lightwell Inc.
Awesome Inc,Lexington,KY,3,Nymbl Systems
Awesome Inc,Lexington,KY,1,OmniLife
Awesome Inc,Lexington,KY,1,Rev.com
Awesome Inc,Lexington,KY,2,Starbucks
Awesome Inc,Lexington,KY,2,Studio 34 Productions
Code Louisville,Louisville,KY,8,Appriss
Code Louisville,Louisville,KY,7,Atria Senior Living
Code Louisville,Louisville,KY,9,El Toro IP Targeting
Code Louisville,Louisville,KY,14,GE Appliances
Code Louisville,Louisville,KY,33,Humana
Code Louisville,Louisville,KY,11,Jefferson County Public Schools
Code Louisville,Louisville,KY,6,Kroger
Code Louisville,Louisville,KY,6,QSR Automations
Code Louisville,Louisville,KY,5,Rainbow Design Services Inc.
Code Louisville,Louisville,KY,6,University of Louisville
Code Louisville,Louisville,KY,18,UPS
Code Louisville,Louisville,KY,12,Waystar
Practicum by Yandex,Newburyport,MA,3,GlowByte Consulting
Practicum by Yandex,Newburyport,MA,3,Infosys
Practicum by Yandex,Newburyport,MA,3,JPMorgan Chase & Co.
Practicum by Yandex,Newburyport,MA,4,OZON.ru
Practicum by Yandex,Newburyport,MA,3,Rostelecom
Practicum by Yandex,Newburyport,MA,5,Sberbank
Practicum by Yandex,Newburyport,MA,3,uTest
Practicum by Yandex,Newburyport,MA,3,X5 Retail Group
Grand Circus,Detroit,MI,20,Accenture
Grand Circus,Detroit,MI,18,Amrock
Grand Circus,Detroit,MI,11,Blue Cross Blue Shield of Michigan
Grand Circus,Detroit,MI,16,Detroit Labs
Grand Circus,Detroit,MI,7,Detroit Public Schools Community District
Grand Circus,Detroit,MI,16,Ford Motor Company
Grand Circus,Detroit,MI,8,Meridian
Grand Circus,Detroit,MI,8,MRM
Grand Circus,Detroit,MI,30,Nexient
Grand Circus,Detroit,MI,7,Perficient
Grand Circus,Detroit,MI,87,Quicken Loans
Grand Circus,Detroit,MI,7,Spectrum Health
Grand Circus,Detroit,MI,11,United Shore
Grand Circus,Detroit,MI,84,United Wholesale Mortgage
Prime Digital Academy,Minneapolis,MN,11,Accessible360
Prime Digital Academy,Minneapolis,MN,38,Best Buy
Prime Digital Academy,Minneapolis,MN,25,C.H. Robinson
Prime Digital Academy,Minneapolis,MN,12,Datasite
Prime Digital Academy,Minneapolis,MN,7,Daugherty Business Solutions
Prime Digital Academy,Minneapolis,MN,10,Granicus
Prime Digital Academy,Minneapolis,MN,13,Optum
Prime Digital Academy,Minneapolis,MN,7,Slalom
Prime Digital Academy,Minneapolis,MN,11,SPS Commerce
Prime Digital Academy,Minneapolis,MN,38,Target
Prime Digital Academy,Minneapolis,MN,16,Thomson Reuters
Prime Digital Academy,Minneapolis,MN,11,Total Expert
Prime Digital Academy,Minneapolis,MN,19,Travelers
Prime Digital Academy,Minneapolis,MN,8,U.S. Bank
Claim Academy,St Louis,MO,4,Accenture Federal Services
Claim Academy,St Louis,MO,2,Army National Guard
Claim Academy,St Louis,MO,3,Best Buy
Claim Academy,St Louis,MO,6,Charter Communications
Claim Academy,St Louis,MO,5,GalaxE.Solutions
Claim Academy,St Louis,MO,3,LaunchCode
Claim Academy,St Louis,MO,4,Mastercard
Claim Academy,St Louis,MO,5,NISA Investment Advisors LLC
Claim Academy,St Louis,MO,3,Perficient
Claim Academy,St Louis,MO,2,Revature
Claim Academy,St Louis,MO,3,Slalom
Claim Academy,St Louis,MO,2,US Army
Claim Academy,St Louis,MO,3,Washington University in St. Louis
Momentum,Durham,NC,4,Alberta Health Services
Momentum,Durham,NC,3,Discovery Limited
Momentum,Durham,NC,3,IBM
Momentum,Durham,NC,2,Infosys
Momentum,Durham,NC,2,JPMorgan Chase & Co.
Momentum,Durham,NC,5,Pendo.io
Momentum,Durham,NC,3,Salesforce
Momentum,Durham,NC,2,SciMed Solutions Inc.
Momentum,Durham,NC,3,ServiceTrade
Momentum,Durham,NC,4,Spreedly
Momentum,Durham,NC,2,Westcan Bulk Transport
RMOTR,Cary,NC,1,APEX Drone Racing
RMOTR,Cary,NC,1,Bank of America
RMOTR,Cary,NC,1,Fitbit (now part of Google)
RMOTR,Cary,NC,1,How-To Geek
RMOTR,Cary,NC,1,Intel Corporation
RMOTR,Cary,NC,1,JPMorgan Chase & Co.
RMOTR,Cary,NC,1,Milestone Digital
RMOTR,Cary,NC,1,Norges Bank Investment Management
RMOTR,Cary,NC,1,Satellogic
RMOTR,Cary,NC,1,Shelley Automation
RMOTR,Cary,NC,1,Skytree | A Fresh Breath of Air
RMOTR,Cary,NC,1,US Army
RMOTR,Cary,NC,1,Verizon
RMOTR,Cary,NC,2,Zynga
Emerging Digital Academy,Fargo,ND,1,701x
Emerging Digital Academy,Fargo,ND,1,Auto Doctors LLC
Emerging Digital Academy,Fargo,ND,1,BNG Team
Emerging Digital Academy,Fargo,ND,2,Bushel
Emerging Digital Academy,Fargo,ND,1,ByteSpeed
Emerging Digital Academy,Fargo,ND,1,Creatively Web Design & Development
Emerging Digital Academy,Fargo,ND,1,eXp Realty
Emerging Digital Academy,Fargo,ND,1,Learn Or Teach LLC
Emerging Digital Academy,Fargo,ND,1,Penta Blockchain Solutions
Emerging Digital Academy,Fargo,ND,2,Project Phoenix
Emerging Digital Academy,Fargo,ND,3,Scheels
Emerging Digital Academy,Fargo,ND,1,Social Selling HQ
UNH Coding Boot Camp,Portsmouth,NH,1,Comcast Business
UNH Coding Boot Camp,Portsmouth,NH,1,Fidelity Investments
UNH Coding Boot Camp,Portsmouth,NH,1,IANS
UNH Coding Boot Camp,Portsmouth,NH,1,Known Point Technologies
UNH Coding Boot Camp,Portsmouth,NH,2,Liberty Mutual Insurance
UNH Coding Boot Camp,Portsmouth,NH,1,Loud Canvas Media
Rutgers Bootcamps,,NJ,1,Amazon
Rutgers Bootcamps,,NJ,1,Banfield Pet Hospital
Rutgers Bootcamps,,NJ,1,Bizzabo
Rutgers Bootcamps,,NJ,1,Incyte Studios
Rutgers Bootcamps,,NJ,1,PTC Therapeutics
Rutgers Bootcamps,,NJ,1,Robert Wood Johnson University Hospital
App Academy,New York,NY,22,Amazon
App Academy,New York,NY,37,Bloomberg LP
App Academy,New York,NY,8,DailyPay Inc.
App Academy,New York,NY,7,Etsy
App Academy,New York,NY,38,Facebook
App Academy,New York,NY,86,Google
App Academy,New York,NY,18,Medidata Solutions
App Academy,New York,NY,5,New Relic Inc.
App Academy,New York,NY,7,Samsara
App Academy,New York,NY,8,Twitter
App Academy,New York,NY,14,Uber
App Academy,New York,NY,10,Upwork
App Academy,New York,NY,42,Wayfair
App Academy,New York,NY,10,Zendesk
BrainStation,New York City,NY,26,BMO Financial Group
BrainStation,New York City,NY,33,Canadian Tire Corporation
BrainStation,New York City,NY,55,CIBC
BrainStation,New York City,NY,21,Hootsuite
BrainStation,New York City,NY,45,Konrad Group
BrainStation,New York City,NY,15,Loblaw Digital
BrainStation,New York City,NY,33,lululemon
BrainStation,New York City,NY,66,RBC
BrainStation,New York City,NY,22,Rogers Sports & Media
BrainStation,New York City,NY,49,Scotiabank
BrainStation,New York City,NY,80,Shopify
BrainStation,New York City,NY,47,TD
BrainStation,New York City,NY,41,TELUS
BrainStation,New York City,NY,19,The University of British Columbia
Byte Academy,New York,NY,2,Absa Group
Byte Academy,New York,NY,1,BACKED VC
Byte Academy,New York,NY,1,Capital Rx
Byte Academy,New York,NY,1,College Truckers Inc.
Byte Academy,New York,NY,2,Geodesic Techniques
Byte Academy,New York,NY,1,IBM
Byte Academy,New York,NY,5,JPMorgan Chase & Co.
Byte Academy,New York,NY,3,NOV
Byte Academy,New York,NY,1,Oracle
Byte Academy,New York,NY,8,SpryteLabs
Byte Academy,New York,NY,1,Tempus Labs Inc.
Byte Academy,New York,NY,1,Torus Teens
Flatiron School,New York,NY,27,Accenture
Flatiron School,New York,NY,44,Amazon
Flatiron School,New York,NY,21,Citi
Flatiron School,New York,NY,37,Datadog
Flatiron School,New York,NY,31,IBM
Flatiron School,New York,NY,128,Infosys
Flatiron School,New York,NY,41,JPMorgan Chase & Co.
Flatiron School,New York,NY,10,Shopify
Flatiron School,New York,NY,16,Spotify
Flatiron School,New York,NY,15,The New York Times
Flatiron School,New York,NY,23,Wayfair
Flatiron School,New York,NY,23,WeWork
Fullstack Academy,New York,NY,18,Amazon
Fullstack Academy,New York,NY,25,American Express
Fullstack Academy,New York,NY,9,BlackRock
Fullstack Academy,New York,NY,67,Bloomberg LP
Fullstack Academy,New York,NY,20,Etsy
Fullstack Academy,New York,NY,11,Goldman Sachs
Fullstack Academy,New York,NY,45,Google
Fullstack Academy,New York,NY,26,JPMorgan Chase & Co.
Fullstack Academy,New York,NY,15,Northwestern Mutual
Fullstack Academy,New York,NY,16,Spotify
Fullstack Academy,New York,NY,14,The New York Times
Fullstack Academy,New York,NY,8,Wunderkind (Formerly BounceX)
General Assembly,New York,NY,134,Accenture
General Assembly,New York,NY,101,Adobe
General Assembly,New York,NY,235,Amazon
General Assembly,New York,NY,94,Amazon Web Services (AWS)
General Assembly,New York,NY,152,Apple
General Assembly,New York,NY,62,Atlassian
General Assembly,New York,NY,181,Booz Allen Hamilton
General Assembly,New York,NY,243,Facebook
General Assembly,New York,NY,383,Google
General Assembly,New York,NY,149,IBM
General Assembly,New York,NY,78,LinkedIn
General Assembly,New York,NY,151,Microsoft
General Assembly,New York,NY,108,Salesforce
General Assembly,New York,NY,71,Spotify
Metis,New York,NY,4,Amazon
Metis,New York,NY,2,Bank of America
Metis,New York,NY,2,Citi
Metis,New York,NY,2,City of Amsterdam
Metis,New York,NY,2,Comcast
Metis,New York,NY,2,Disney Streaming Services
Metis,New York,NY,4,Facebook
Metis,New York,NY,3,Google
Metis,New York,NY,3,IBM
Metis,New York,NY,2,Tempus Labs Inc. 
Metis,New York,NY,4,The Spur Group
Metis,New York,NY,2,Trilogy Education
Metis,New York,NY,2,Uber
Metis,New York,NY,2,Warwick Investment Group
New York Code + Design Academy,New York,NY,4,ABN AMRO Bank N.V.
New York Code + Design Academy,New York,NY,4,Apple
New York Code + Design Academy,New York,NY,3,Capgemini
New York Code + Design Academy,New York,NY,3,Cognizant
New York Code + Design Academy,New York,NY,5,Comcast
New York Code + Design Academy,New York,NY,3,Gartner
New York Code + Design Academy,New York,NY,5,Google
New York Code + Design Academy,New York,NY,4,Incentro
New York Code + Design Academy,New York,NY,7,IntuitSolutions
New York Code + Design Academy,New York,NY,3,LinkedIn
New York Code + Design Academy,New York,NY,3,NYC Department of Education
New York Code + Design Academy,New York,NY,3,University of Pennsylvania
Noble Desktop,New York,NY,4,Apple
Noble Desktop,New York,NY,2,Conscience VC
Noble Desktop,New York,NY,3,FCB Health
Noble Desktop,New York,NY,2,Hachette Book Group
Noble Desktop,New York,NY,2,IBM
Noble Desktop,New York,NY,2,JPMorgan Chase & Co.
Noble Desktop,New York,NY,2,Meredith Corporation
Noble Desktop,New York,NY,2,Penguin Random House
Noble Desktop,New York,NY,2,Pratt Institute
Noble Desktop,New York,NY,2,Rodale Inc.
Noble Desktop,New York,NY,4,Scholastic
Noble Desktop,New York,NY,2,The Conference Board
Noble Desktop,New York,NY,3,Upwork
Noble Desktop,New York,NY,2,Verizon
Skillcrush,New York,NY,3,CVS Health
Skillcrush,New York,NY,2,Flatiron School
Skillcrush,New York,NY,2,Independent Consultant
Skillcrush,New York,NY,2,lululemon
Skillcrush,New York,NY,2,Lyft
Skillcrush,New York,NY,2,Stitch Fix
Skillcrush,New York,NY,2,T-Mobile
Skillcrush,New York,NY,3,U.S. Department of Veterans Affairs
Skillcrush,New York,NY,2,Ulta Beauty
Skillcrush,New York,NY,6,VIPKid
Skillcrush,New York,NY,2,Zapier
The Grace Hopper Program at Fullstack Academy,New York,NY,2,Annalect
The Grace Hopper Program at Fullstack Academy,New York,NY,2,Attentive
The Grace Hopper Program at Fullstack Academy,New York,NY,7,Bloomberg LP
The Grace Hopper Program at Fullstack Academy,New York,NY,2,Bounteous
The Grace Hopper Program at Fullstack Academy,New York,NY,2,Datadog
The Grace Hopper Program at Fullstack Academy,New York,NY,3,Etsy
The Grace Hopper Program at Fullstack Academy,New York,NY,4,Fullstack Academy
The Grace Hopper Program at Fullstack Academy,New York,NY,2,Goldman Sachs
The Grace Hopper Program at Fullstack Academy,New York,NY,4,Google
The Grace Hopper Program at Fullstack Academy,New York,NY,2,Northwestern Mutual
The Grace Hopper Program at Fullstack Academy,New York,NY,2,T-Mobile
The Grace Hopper Program at Fullstack Academy,New York,NY,3,Unqork
Thinkful,New York,NY,21,Amazon
Thinkful,New York,NY,3,Anant
Thinkful,New York,NY,2,Finix
Thinkful,New York,NY,4,Fiverr
Thinkful,New York,NY,3,Hack for LA
Thinkful,New York,NY,3,HubSpot
Thinkful,New York,NY,8,IBM
Thinkful,New York,NY,4,Personal Projects
Thinkful,New York,NY,10,Trilogy Education
Thinkful,New York,NY,7,Upwork
Thinkful,New York,NY,3,Walmart Global Tech
MAX Technical Training & Career Programs,Mason,OH,1,Bottom Line Systems
MAX Technical Training & Career Programs,Mason,OH,1,Eurostampa North America Inc.
MAX Technical Training & Career Programs,Mason,OH,2,Great American Insurance Group
MAX Technical Training & Career Programs,Mason,OH,1,IBM
MAX Technical Training & Career Programs,Mason,OH,1,K-Electric
MAX Technical Training & Career Programs,Mason,OH,4,Kroger Technology
MAX Technical Training & Career Programs,Mason,OH,2,Matthews Automation Solutions
MAX Technical Training & Career Programs,Mason,OH,1,Ohio National Financial Services
MAX Technical Training & Career Programs,Mason,OH,3,Procter & Gamble
MAX Technical Training & Career Programs,Mason,OH,1,Seven Hills Technology
MAX Technical Training & Career Programs,Mason,OH,1,Shoptech Software - Manufacturing Software
MAX Technical Training & Career Programs,Mason,OH,1,The Cincinnati Insurance Companies
MAX Technical Training & Career Programs,Mason,OH,1,Top Gun Sales Performance
MAX Technical Training & Career Programs,Mason,OH,2,Total Quality Logistics
Tech Elevator,Cleveland,OH,12,AmTrust Financial Services Inc.
Tech Elevator,Cleveland,OH,20,BNY Mellon
Tech Elevator,Cleveland,OH,11,DICK'S Sporting Goods
Tech Elevator,Cleveland,OH,10,Edaptive Computing Inc.
Tech Elevator,Cleveland,OH,13,Fifth Third Bank
Tech Elevator,Cleveland,OH,138,JPMorgan Chase & Co.
Tech Elevator,Cleveland,OH,14,KeyBank
Tech Elevator,Cleveland,OH,17,London Computer Systems
Tech Elevator,Cleveland,OH,39,National General Insurance
Tech Elevator,Cleveland,OH,18,Nationwide
Tech Elevator,Cleveland,OH,21,Olive
Tech Elevator,Cleveland,OH,243,PNC
Tech Elevator,Cleveland,OH,34,Progressive Insurance
Tech Elevator,Cleveland,OH,15,United Wholesale Mortgage
We Can Code IT,Cleveland,OH,5,Acumen Solutions
We Can Code IT,Cleveland,OH,3,Apple
We Can Code IT,Cleveland,OH,4,Cardinal Health
We Can Code IT,Cleveland,OH,3,CoverMyMeds
We Can Code IT,Cleveland,OH,4,Foundation Software
We Can Code IT,Cleveland,OH,6,Huntington National Bank
We Can Code IT,Cleveland,OH,23,JPMorgan Chase & Co.
We Can Code IT,Cleveland,OH,4,KeyBank
We Can Code IT,Cleveland,OH,3,MoreSteam
We Can Code IT,Cleveland,OH,5,National General Insurance
We Can Code IT,Cleveland,OH,6,Nationwide
We Can Code IT,Cleveland,OH,9,PNC
We Can Code IT,Cleveland,OH,14,Progressive Insurance
We Can Code IT,Cleveland,OH,4,Root Inc.
Alchemy Code Lab,Portland,OR,3,Adobe
Alchemy Code Lab,Portland,OR,2,Allocations
Alchemy Code Lab,Portland,OR,2,Emsi
Alchemy Code Lab,Portland,OR,2,Esri
Alchemy Code Lab,Portland,OR,1,EventBuilder
Alchemy Code Lab,Portland,OR,2,Hatch Data
Alchemy Code Lab,Portland,OR,2,HealthSparq
Alchemy Code Lab,Portland,OR,3,Kinship
Alchemy Code Lab,Portland,OR,2,Kroger Technology
Alchemy Code Lab,Portland,OR,5,Lithia Motors
Alchemy Code Lab,Portland,OR,4,Nike
Alchemy Code Lab,Portland,OR,2,Schoolhouse
Alchemy Code Lab,Portland,OR,5,Sprinklr
Alchemy Code Lab,Portland,OR,2,Squishymedia
Epicodus,Portland,OR,6,Ascend Software
Epicodus,Portland,OR,7,EyeCue Lab
Epicodus,Portland,OR,4,Goalden Hour
Epicodus,Portland,OR,3,Hubb
Epicodus,Portland,OR,4,iGrafx
Epicodus,Portland,OR,3,Microsoft Leap Apprenticeship Program
Epicodus,Portland,OR,3,National Society of Black Engineers
Epicodus,Portland,OR,6,New Relic Inc.
Epicodus,Portland,OR,6,Nike
Epicodus,Portland,OR,8,Nombolo
Epicodus,Portland,OR,3,PDXR
Epicodus,Portland,OR,3,Pollinate
Epicodus,Portland,OR,3,Tuft & Needle
Epicodus,Portland,OR,5,UGrow
The Tech Academy,Portland,OR,2,Adobe
The Tech Academy,Portland,OR,3,Amazon
The Tech Academy,Portland,OR,3,Conduent
The Tech Academy,Portland,OR,2,Epiq
The Tech Academy,Portland,OR,4,Intel Corporation
The Tech Academy,Portland,OR,6,Microsoft
The Tech Academy,Portland,OR,5,New Relic Inc.
The Tech Academy,Portland,OR,4,Nike
The Tech Academy,Portland,OR,2,Novus Labs
The Tech Academy,Portland,OR,28,Prosper I.T. Consulting
The Tech Academy,Portland,OR,2,Smarsh
The Tech Academy,Portland,OR,2,The Home Depot
Academy Pittsburgh,Pittsburgh,PA,1,Advanced Computer & Network Corp. (AC&NC) JetStor
Academy Pittsburgh,Pittsburgh,PA,1,Behaivior
Academy Pittsburgh,Pittsburgh,PA,1,Build412 Tech
Academy Pittsburgh,Pittsburgh,PA,1,CoverMyMeds
Academy Pittsburgh,Pittsburgh,PA,3,numo llc
Academy Pittsburgh,Pittsburgh,PA,5,PNC
Academy Pittsburgh,Pittsburgh,PA,1,Seeking a New Opportunity
Academy Pittsburgh,Pittsburgh,PA,1,Sparkbox
Academy Pittsburgh,Pittsburgh,PA,1,Velocity Works
Academy Pittsburgh,Pittsburgh,PA,1,Work Hard Solutions
Nashville Software School,Nashville,TN,39,Accenture
Nashville Software School,Nashville,TN,11,AllianceBernstein
Nashville Software School,Nashville,TN,10,Aspire Health Inc.
Nashville Software School,Nashville,TN,18,Built Technologies
Nashville Software School,Nashville,TN,12,FortyAU
Nashville Software School,Nashville,TN,16,HCA Healthcare
Nashville Software School,Nashville,TN,13,Healthcare Bluebook
Nashville Software School,Nashville,TN,13,HealthStream
Nashville Software School,Nashville,TN,10,National General Insurance
Nashville Software School,Nashville,TN,9,naviHealth
Nashville Software School,Nashville,TN,10,Ncontracts
Nashville Software School,Nashville,TN,13,Ramsey Solutions
Nashville Software School,Nashville,TN,9,Tennessee Department of Transportation
Nashville Software School,Nashville,TN,12,Vanderbilt University Medical Center
Codeup,San Antonio,TX,17,Accenture
Codeup,San Antonio,TX,31,Accenture Federal Services
Codeup,San Antonio,TX,20,Appddiction Studio
Codeup,San Antonio,TX,8,Booz Allen Hamilton
Codeup,San Antonio,TX,9,CaptureRx
Codeup,San Antonio,TX,13,Cognizant
Codeup,San Antonio,TX,9,Guardian Premier Solutions (GPS) LLC
Codeup,San Antonio,TX,9,H-E-B
Codeup,San Antonio,TX,5,Silotech Group Inc
Codeup,San Antonio,TX,10,SWBC
Codeup,San Antonio,TX,6,TaskUs
Codeup,San Antonio,TX,47,USAA
Inventive Academy,Austin,TX,1,Darwin Homes - Property Management
Inventive Academy,Austin,TX,1,eCommission
Inventive Academy,Austin,TX,1,Graafschap College
Inventive Academy,Austin,TX,1,InstiWitty Media Studios
Inventive Academy,Austin,TX,1,Itzu Jobs
Inventive Academy,Austin,TX,1,MB Aerospace
Inventive Academy,Austin,TX,1,Mindtree
Inventive Academy,Austin,TX,1,Point Security LLC
Inventive Academy,Austin,TX,1,Polamer Precision Inc.
Inventive Academy,Austin,TX,2,RepHQ LLC
Inventive Academy,Austin,TX,1,Subh Muhurat
UT Austin Boot Camps,Austin,TX,1,Digital Pharmacist Inc.
UT Austin Boot Camps,Austin,TX,1,Siemens
UT Austin Boot Camps,Austin,TX,1,Visio Lending
Bottega Career Services,South Jordan,UT,3,Alder Holdings LLC
Bottega Career Services,South Jordan,UT,5,Amazon
Bottega Career Services,South Jordan,UT,3,Avii
Bottega Career Services,South Jordan,UT,4,Coforge
Bottega Career Services,South Jordan,UT,6,Conscience VC
Bottega Career Services,South Jordan,UT,4,Dev Pipeline
Bottega Career Services,South Jordan,UT,3,Edge by Ascential
Bottega Career Services,South Jordan,UT,3,Hoverstate
Bottega Career Services,South Jordan,UT,3,MX
Bottega Career Services,South Jordan,UT,4,Upwork
Devmountain,Lehi,UT,14,Divvy | Inc.
Devmountain,Lehi,UT,22,MX
Devmountain,Lehi,UT,16,Overstock.com
Devmountain,Lehi,UT,18,Pluralsight
Devmountain,Lehi,UT,25,Podium
Devmountain,Lehi,UT,8,projekt202
Devmountain,Lehi,UT,6,TCN
Devmountain,Lehi,UT,17,The Church of Jesus Christ of Latter-day Saints
Devmountain,Lehi,UT,7,Veryable
Devmountain,Lehi,UT,14,Vivint
Devmountain,Lehi,UT,7,Workfront
DevPoint Labs,Salt Lake City,UT,4,Acima Credit
DevPoint Labs,Salt Lake City,UT,3,ARUP Laboratories
DevPoint Labs,Salt Lake City,UT,3,Direct®
DevPoint Labs,Salt Lake City,UT,3,Divvy | Inc.
DevPoint Labs,Salt Lake City,UT,3,ExpertVoice
DevPoint Labs,Salt Lake City,UT,3,Fidelity Investments
DevPoint Labs,Salt Lake City,UT,3,Goldman Sachs
DevPoint Labs,Salt Lake City,UT,3,Instructure
DevPoint Labs,Salt Lake City,UT,3,Mavenlink
DevPoint Labs,Salt Lake City,UT,5,MX
DevPoint Labs,Salt Lake City,UT,3,Nav Inc.
DevPoint Labs,Salt Lake City,UT,3,Shareworks by Morgan Stanley
DevPoint Labs,Salt Lake City,UT,3,The Church of Jesus Christ of Latter-day Saints
DevPoint Labs,Salt Lake City,UT,6,Verisys Corporation
V School,Salt Lake City,UT,9,Adobe
V School,Salt Lake City,UT,3,Conscience VC
V School,Salt Lake City,UT,4,Divvy | Inc.
V School,Salt Lake City,UT,3,Fidelity Investments
V School,Salt Lake City,UT,2,IBM
V School,Salt Lake City,UT,2,Impartner Software
V School,Salt Lake City,UT,3,O.C. Tanner
V School,Salt Lake City,UT,4,Smash Creative
V School,Salt Lake City,UT,3,Verisage Custom Software
V School,Salt Lake City,UT,3,VMware
V School,Salt Lake City,UT,2,Weave HQ
V School,Salt Lake City,UT,3,XANT
Burlington Code Academy,Burlington,VT,2,Asure Software
Burlington Code Academy,Burlington,VT,1,Burton Snowboards
Burlington Code Academy,Burlington,VT,4,Dealer.com
Burlington Code Academy,Burlington,VT,1,EZ-Probate Inc.
Burlington Code Academy,Burlington,VT,1,Impulse Creative
Burlington Code Academy,Burlington,VT,1,Jay Peak Resort
Burlington Code Academy,Burlington,VT,2,New Breed
Burlington Code Academy,Burlington,VT,3,oK
Burlington Code Academy,Burlington,VT,2,Select Design
Burlington Code Academy,Burlington,VT,1,trUStr ®
Burlington Code Academy,Burlington,VT,1,Vermont Systems
Code Fellows,Seattle,WA,6,Abdul Aziz Al Ghurair School of Advanced Computing (ASAC)
Code Fellows,Seattle,WA,48,Amazon
Code Fellows,Seattle,WA,42,Amazon Web Services (AWS)
Code Fellows,Seattle,WA,13,Avalara
Code Fellows,Seattle,WA,13,Expedia Group
Code Fellows,Seattle,WA,7,F5
Code Fellows,Seattle,WA,100,Microsoft
Code Fellows,Seattle,WA,7,Nike
Code Fellows,Seattle,WA,11,Nordstrom
Code Fellows,Seattle,WA,7,SAP Concur
Code Fellows,Seattle,WA,8,Slalom Build
Code Fellows,Seattle,WA,6,Smartsheet
Code Fellows,Seattle,WA,9,US Army
Code Fellows,Seattle,WA,10,Zonar Systems
Coding Dojo,Bellevue,WA,13,Accenture
Coding Dojo,Bellevue,WA,52,Amazon
Coding Dojo,Bellevue,WA,14,Amazon Web Services (AWS)
Coding Dojo,Bellevue,WA,10,Conscience VC
Coding Dojo,Bellevue,WA,11,Google
Coding Dojo,Bellevue,WA,10,Infosys
Coding Dojo,Bellevue,WA,53,Microsoft
Coding Dojo,Bellevue,WA,9,Mindtree
Coding Dojo,Bellevue,WA,5,The Difference Engine
Coding Dojo,Bellevue,WA,8,Upwork
Coding Dojo,Bellevue,WA,12,US Army
Nucamp Coding Bootcamp,Bellevue,WA,8,Amazon
Nucamp Coding Bootcamp,Bellevue,WA,3,Apple
Nucamp Coding Bootcamp,Bellevue,WA,3,Infosys
Nucamp Coding Bootcamp,Bellevue,WA,9,Microsoft
Nucamp Coding Bootcamp,Bellevue,WA,3,TEKsystems
Nucamp Coding Bootcamp,Bellevue,WA,3,United States Air Force
Nucamp Coding Bootcamp,Bellevue,WA,3,US Army
Nucamp Coding Bootcamp,Bellevue,WA,3,Verizon
Nucamp Coding Bootcamp,Bellevue,WA,3,Walgreens
Nucamp Coding Bootcamp,Bellevue,WA,3,Walmart
The Array School of Technology and Design,Cheyenne,WY,2,Advent Information Systems L.L.C.
The Array School of Technology and Design,Cheyenne,WY,1,Campbell County Public Library System
The Array School of Technology and Design,Cheyenne,WY,1,Holland & Hart LLP
The Array School of Technology and Design,Cheyenne,WY,1,Laramie County Library System
The Array School of Technology and Design,Cheyenne,WY,1,Medicine Bow Technologies Inc.
The Array School of Technology and Design,Cheyenne,WY,1,PBR MARKETING & PRINTING SOLUTIONS
The Array School of Technology and Design,Cheyenne,WY,1,State of Wyoming
The Array School of Technology and Design,Cheyenne,WY,1,The TJX Companies Inc.
The Array School of Technology and Design,Cheyenne,WY,1,University of Wyoming
Lambda School,,,6,AAK TELE-SCIENCE Inc.
Lambda School,,,20,Amazon
Lambda School,,,20,Amazon Web Services (AWS)
Lambda School,,,24,Nexient
Lambda School,,,12,Northwestern Mutual
Lambda School,,,8,Sirch
Lambda School,,,5,Sterling Bank Plc
Lambda School,,,15,Story Squad
Lambda School,,,9,Upwork
The Iron Yard,,,5,Benefitfocus
The Iron Yard,,,10,Blackbaud
The Iron Yard,,,5,BoomTown - Real Estate Platform
The Iron Yard,,,8,Booz Allen Hamilton
The Iron Yard,,,5,Cox Automotive Inc.
The Iron Yard,,,4,Experian's Clarity Services
The Iron Yard,,,13,Liberty Mutual Insurance
The Iron Yard,,,4,Pendo.io
The Iron Yard,,,7,Red Hat
The Iron Yard,,,6,Red Ventures
The Iron Yard,,,4,Relias
The Iron Yard,,,5,Salesforce
The Iron Yard,,,4,Social Security Administration
The Iron Yard,,,5,Somo Global
Wild Code School,,,17,Apside
Wild Code School,,,4,Betclic Group
Wild Code School,,,14,Capgemini
Wild Code School,,,6,Cdiscount
Wild Code School,,,23,CGI
Wild Code School,,,6,Clever Age
Wild Code School,,,5,DECATHLON FRANCE
Wild Code School,,,5,Enedis
Wild Code School,,,5,Inetum
Wild Code School,,,4,ITDM Group
Wild Code School,,,11,La Pilule Rouge
Wild Code School,,,25,onepoint
Wild Code School,,,11,OpenClassrooms
Wild Code School,,,10,Pôle emploi